From,to
https://murabaat.com/mrkz-alaa-al-dyn-al-tkhssy-al-tby,https://twsia.com/aladdin-specialized-medical-center
https://murabaat.com/al-byrqdar-ltjarh-al-syarat,https://twsia.com/al-byrqdar-cars
https://murabaat.com/baik-bash-hotel-fndq-byk-bash,https://twsia.com/baik-bash-hotel
https://murabaat.com/fndq-qsr-al-shhbndr-al-athry,https://twsia.com/shahbandar-palace-hotel
https://murabaat.com/mshfa-al-andls-al-jamay,https://twsia.com/al-andalus-university-hospital
https://murabaat.com/mjwhrat-nbyl-_-nabils-jewelery,https://twsia.com/jewelry-nbyl-_-nabils-jewelery
https://murabaat.com/shrkh-al-mndyl-llitarat-al-aal-myh,https://twsia.com/al-mandeel-tires-company
https://murabaat.com/country/jo/city/amman/sub-area/sweifieh,https://twsia.com/country/jo/city/amman/sub-area/sweifieh
https://murabaat.com/mktb-khlyl-aly-ltjarh-al-syarat,https://twsia.com/khalil-ali-cars-office
https://murabaat.com/rwdh-sayd-al-khash,https://twsia.com/saeed-private-kindergarten
https://murabaat.com/rwdh-st-al-wfaa,https://twsia.com/set-al-wafa-kindergarten
https://murabaat.com/qhwh-al-qshlh,https://twsia.com/al-qashla-cafe
https://murabaat.com/mktb-yasr-al-shamy,https://twsia.com/yasser-al-shami-cars-office
https://murabaat.com/shrkh-al-rstm-al-tjaryh,https://twsia.com/al-rustom-trading-company
https://murabaat.com/mais-private-school,https://twsia.com/mais-private-school
https://murabaat.com/najeb-cars,https://twsia.com/najeb-cars
https://murabaat.com/country/sy/category/beauty-centers,https://twsia.com/country/sy/category/beauty-centers
https://murabaat.com/mdrsh-al-hkmh-al-khash-yal-swydaa,https://twsia.com/al-hikma-private-school
https://murabaat.com/companies,https://twsia.com/companies
https://murabaat.com/mjmwah-al-qwafl-llshhn-al-dwly,https://twsia.com/al-qwafl-for-international-shipping
https://murabaat.com/jamah-al-sham-al-khash-aspu-fra-al-ladhqyh,https://twsia.com/al-sham-private-university-latakia
https://murabaat.com/mdars-sma-hwran-al-khash,https://twsia.com/samaa-horan-private-school
https://murabaat.com/hotel-dedeman-royal-club,https://twsia.com/hotel-dedeman-royal-club
https://murabaat.com/mjwhrat-al-krym,https://twsia.com/jewelry-al-krym
https://murabaat.com/rwdh-al-frh-al-khash,https://twsia.com/al-farah-private-kindergarten
https://murabaat.com/afnan-al-marfh,https://twsia.com/afnan-al-marfh
https://murabaat.com/rwdh-sham-al-syah,https://twsia.com/sham-al-sayyah-kindergarten
https://murabaat.com/rwdh-al-nsha-al-jdyd,https://twsia.com/new-generation-kindergarten
https://murabaat.com/syty-kar,https://twsia.com/city-car
https://murabaat.com/rwdh-byty-al-dafe,https://twsia.com/my-warm-home-kindergarten
https://murabaat.com/shrkh-samr-mhrm-lqta-al-syarat,https://twsia.com/samer-moharem-company
https://murabaat.com/rwdh-lma-al-sham,https://twsia.com/lama-al-sham-kindergarten
https://murabaat.com/hanifa-alomar-jewelry-syria,https://twsia.com/hanifa-alomar-jewellery-syria
https://murabaat.com/mshfa-al-tyar-al-jrahy,https://twsia.com/al-tayyar-surgical-hospital
https://murabaat.com/al-tynawy-ltajyr-al-syarat,https://twsia.com/altayenawi-car-rental
https://murabaat.com/mktb-blywn-ltjarh-al-syarat,https://twsia.com/blion-cars-office
https://murabaat.com/mdrsh-al-adhm-al-khash,https://twsia.com/al-adhm-private-school
https://murabaat.com/rwdh-al-shraa-al-khash,https://twsia.com/al-shiraa-private-kindergarten
https://murabaat.com/mjwhrat-al-qwsrh,https://twsia.com/jewelry-al-qwsrh
https://murabaat.com/tal-ysman-al-amyn,https://twsia.com/talisman-hotel
https://murabaat.com/nswh-yasyn-llstaer-wal-mfrwshat,https://twsia.com/nasouh-yaseen-curtains-furniture
https://murabaat.com/mard-ryf-idlb-al-jnwby-zkrya-slyman,https://twsia.com/zakaria-suleiman-car-showroom
https://murabaat.com/mktb-swryana-ltjarh-al-syarat,https://twsia.com/souryana-cars-office
https://murabaat.com/shrkh-hlb-astyrad-qta-ghyar-syarat-swzwky-syny,https://twsia.com/aleppo-car-parts-company
https://murabaat.com/country/eg/city/cairo/category/transportation-shipping-companies,https://twsia.com/country/eg/city/cairo/category/transportation-shipping-companies
https://murabaat.com/mard-fyana-lsyarat,https://twsia.com/fayana-cars-showroom
https://murabaat.com/country/sy/city/idlib/category/Taxi-offices,https://twsia.com/country/sy/city/idlib/category/Taxi-offices
https://murabaat.com/mdrsh-w-rwdh-abda-al-khash,https://twsia.com/abdaa-private-school-kindergarten
https://murabaat.com/bnwt-lmaayrh-al-dhhb-wal-fdh,https://twsia.com/banout-gold-silver
https://murabaat.com/mrkz-al-qmh-llkmbywtr-wal-atsal-at,https://twsia.com/al-qimma-center
https://murabaat.com/mjwhrat-lyan,https://twsia.com/jewelry-lyan
https://murabaat.com/silver-lazord-midan,https://twsia.com/lazord-silver-midan
https://murabaat.com/shrkh-aal-m-al-kwry-al-tjaryh,https://twsia.com/korean-world-trading-company
https://murabaat.com/salem-dayan-accessories,https://twsia.com/salem-dayan-accessories
https://murabaat.com/category/Taxi-offices,https://twsia.com/category/Taxi-offices
https://murabaat.com/country/sy/city/damascus/sub-area/medhat-basha-souq,https://twsia.com/country/sy/city/damascus/sub-area/medhat-basha-souq
https://murabaat.com/mktb-al-mstqbl-llshhn-al-dwly,https://twsia.com/al-mustaqbal-international-shipping
https://murabaat.com/mstshfa-faawr,https://twsia.com/faour-hospital
https://murabaat.com/,https://twsia.com/
https://murabaat.com/country/sy,https://twsia.com/country/sy
https://murabaat.com/shrkh-mhmd-bsam-draw,https://twsia.com/mohammad-bassam-daraw-company
https://murabaat.com/mfrwshat-abw-shhadh-wawladh,https://twsia.com/abu-shahadeh-sons-furniture
https://murabaat.com/aal-m-al-staer,https://twsia.com/curtains-world
https://murabaat.com/category/trade-and-retail?page=3,https://twsia.com/category/trade-and-retail?page=3
https://murabaat.com/sws-school,https://twsia.com/sws-school
https://murabaat.com/mard-al-brkh-ltjarh-al-syarat,https://twsia.com/al-baraka-car-showroom
https://murabaat.com/mfrwshat-al-natwr,https://twsia.com/al-natour-furniture
https://murabaat.com/shrkh-jrks-wdhh-al-tjaryh,https://twsia.com/jerks-dhha-trading-company
https://murabaat.com/al-jamah-al-dwlyh-llalwm-wal-tknwlwjya-iust,https://twsia.com/international-university-science-technology
https://murabaat.com/mstshfa-al-twfyq,https://twsia.com/al-tawfiq-hospital
https://murabaat.com/mrkz-ayfa,https://twsia.com/eva-center
https://murabaat.com/drmajd-mardn-dental-clinic,https://twsia.com/dr-majd-mardn-dental-clinic
https://murabaat.com/sulla-luna,https://twsia.com/sulla-luna
https://murabaat.com/mard-al-wlyd-ltjarh-al-syarat,https://twsia.com/al-waleed-car-showroom
https://murabaat.com/thanwyh-al-tfwq-al-khash,https://twsia.com/al-tafawuq-private-highschool
https://murabaat.com/mard-fady-hsn-llsyarat,https://twsia.com/fadi-hassan-car-showroom
https://murabaat.com/rwdh-braam-al-aslam-al-nmwdhjyh,https://twsia.com/baraem-islam-kindergarten
https://murabaat.com/rwdh-wndrland,https://twsia.com/wonderland-kindergarten
https://murabaat.com/bytza-al-ryf-al-iytal-yh,https://twsia.com/italian-village-pizza
https://murabaat.com/mshfa-al-kndy,https://twsia.com/al-kindi-hospital
https://murabaat.com/rwdh-al-bnfsj,https://twsia.com/al-banafsaj-kindergarten
https://murabaat.com/riviera-hotel,https://twsia.com/riviera-hotel
https://murabaat.com/jwd-llatarat-wmstlzmat-al-syarat,https://twsia.com/joud-car-tires
https://www.murabaat.com/jwd-llatarat-wmstlzmat-al-syarat,https://www.twsia.com/jwd-llatarat-wmstlzmat-al-syarat
https://murabaat.com/mshfa-al-shrq,https://twsia.com/al-sharq-hospital
https://murabaat.com/rwdh-mnarh-dmshq-al-khash,https://twsia.com/manarat-damascus-private-kindergarten
https://murabaat.com/fndq-barwn,https://twsia.com/baron-hotel
https://murabaat.com/fndq-bab-twma-al-athry,https://twsia.com/bab-touma-hotel
https://murabaat.com/ashq-shrqy,https://twsia.com/eshq-sharqi
https://murabaat.com/smart-shybyngh-lkhdmat-al-shhn-al-dwly-w-al-tkhlys,https://twsia.com/smart-shybyngh-lkhdmat-al-shhn-al-dwly-w-al-tkhlys
https://murabaat.com/mshfa-al-ashrfyh-al-tkhssy,https://twsia.com/al-ashrafieh-specialty-hospital
https://murabaat.com/country/sy/city/damascus/sub-area/alksaa,https://twsia.com/country/sy/city/damascus/sub-area/alksaa
https://murabaat.com/mstshfa-al-slam-al-tkhssy-bdmshq,https://twsia.com/al-salam-specialty-hospital-damascus
https://murabaat.com/mjwhrat-al-mslmany,https://twsia.com/jewelry-al-mslmany
https://murabaat.com/mrzh-llsyaghh,https://twsia.com/mrzh-llsyaghh
https://murabaat.com/shrkh-al-azy-lshhn-wtkhlys-al-jmrky,https://twsia.com/company-al-azy-lshhn-wtkhlys-al-jmrky
https://murabaat.com/al-jamah-al-swryh-al-khash-spu,https://twsia.com/al-jamah-al-swryh-al-khash-spu
https://murabaat.com/mshfa-al-ayn-wal-adhn-al-tkhssy,https://twsia.com/eye-ear-specialty-hospital
https://murabaat.com/mydtrans-llmlahh-w-al-khdmat,https://twsia.com/mydtrans-llmlahh-w-al-khdmat
https://murabaat.com/rwdh-shms-al-ghd-al-khash,https://twsia.com/kindergarten -shms-al-ghd-al-khash
https://murabaat.com/country/sy/city/idlib,https://twsia.com/country/sy/city/idlib
https://murabaat.com/mdars-bnah-al-ajyal-al-khash,https://twsia.com/bonat-al-ajyal-private-school
https://murabaat.com/mshfa-al-mna,https://twsia.com/al-muna-hospital
https://murabaat.com/mdars-al-marfh-al-khash,https://twsia.com/al-maarifah-private-school
https://murabaat.com/mdrsh-al-krml-al-khash,https://twsia.com/al-karamel-private-school
https://murabaat.com/mdrsh-al-ghsanyh-al-arthwdhksyh-al-khash,https://twsia.com/al-ghassaniyah-private-school
https://murabaat.com/alchaer-jewellery,https://twsia.com/alchaer-jewellery
https://murabaat.com/hotel-al-jawaher,https://twsia.com/hotel-al-jawaher
https://murabaat.com/hotel-al-faisal,https://twsia.com/hotel-al-faisal
https://murabaat.com/country/sy/city/aleppo/sub-area/afrin/category/hospitals-clinics,https://twsia.com/country/sy/city/aleppo/sub-area/afrin/category/hospitals-clinics
https://murabaat.com/mdrsh-al-alm-al-hdyth-al-khash,https://twsia.com/modern-science-private-school
https://murabaat.com/mdrsh-al-mnhl-al-khash,https://twsia.com/al-manhal-private-school
https://murabaat.com/mdrsh-dwhh-al-wrwd-al-khash,https://twsia.com/dawhat-al-warod-private-school
https://murabaat.com/fndq-byt-al-wal-y,https://twsia.com/beit-al-wali-hotel
https://murabaat.com/al-brj,https://twsia.com/al-brj
https://murabaat.com/fndq-al-qsr,https://twsia.com/al-qasr-hotel
https://murabaat.com/mstshfa-al-dyaa-al-jrahy,https://twsia.com/al-diaa-surgical-hospital
https://murabaat.com/mdrsh-al-amtyaz-al-khash-alemtiaz-private-school,https://twsia.com/al-imtiaz-private-school
https://murabaat.com/mshfa-al-hryry,https://twsia.com/al-hariri-hospital
https://murabaat.com/category/educational-centers?page=5,https://twsia.com/category/educational-centers?page=5
https://murabaat.com/fndq-hms-al-kbyr,https://twsia.com/homs-al-kbyr-hotel
https://murabaat.com/sbah-wmsaa,https://twsia.com/sbah-wmsaa
https://murabaat.com/mdrsh-al-andls,https://twsia.com/al-andalus-school
https://murabaat.com/mdrsh-al-abaa-al-arby,https://twsia.com/al-abaa-arabi-school
https://murabaat.com/mshfa-al-sham-al-tby,https://twsia.com/al-sham-medical-hospital
https://murabaat.com/mjwhrat-al-aly,https://twsia.com/jewelry-al-aly
https://murabaat.com/deluca,https://twsia.com/deluca
https://murabaat.com/yasmeen-dalep-boutique-hotel,https://twsia.com/yasmeen-dalep-boutique-hotel
https://murabaat.com/mstshfa-al-dktwr-mhmd-dbyt,https://twsia.com/dr-mohamad-dbyt-hospital
https://murabaat.com/country/sy/city/aleppo/sub-area/azaz,https://twsia.com/mstshfa-al-dktwr-mhmd-dbyt
https://murabaat.com/country/sy/city/damascus/sub-area/aladawi,https://twsia.com/country/sy/city/aleppo/sub-area/azaz
https://murabaat.com/mstshfa-al-twlyd-al-askry,https://twsia.com/military-maternity-hospital
https://murabaat.com/mdrsh-al-mnarh-al-khash,https://twsia.com/al-manarah-private-school
https://murabaat.com/the-national-evangelical-school,https://twsia.com/the-national-evangelical-school
https://murabaat.com/mdars-al-mkhtar-al-nmwdhjyh-al-khash,https://twsia.com/al-mukhtar-model-private-school
https://murabaat.com/mntja-al-shate-al-azrq,https://twsia.com/mntja-al-shate-al-azrq
https://murabaat.com/al-hashmyh-al-khash,https://twsia.com/al-hashmyh-al-khash
https://murabaat.com/sndwysh-kyfwrk,https://twsia.com/sndwysh-kyfwrk
https://murabaat.com/tl-bany,https://twsia.com/tl-bany
https://murabaat.com/mdrsh-al-ttbyqat-al-nmwdhjyh-al-khash,https://twsia.com/model-applications-private-school
https://murabaat.com/mdrsh-al-ala-al-khash,https://twsia.com/al-oula-private-school
https://murabaat.com/mdrsh-jnh-al-asafyr-al-khash,https://twsia.com/jannah-al-asafir-private-school
https://murabaat.com/jamah-al-shhbaa-al-khash-al-mbna-al-jdyd,https://twsia.com/jamah-al-shhbaa-al-khash-al-mbna-al-jdyd
https://murabaat.com/alkair-palace-hotel-and-restaurant,https://twsia.com/alkair-palace-hotel-and-restaurant
https://murabaat.com/fndq-al-zhran,https://twsia.com/al-zahran-hotel
https://murabaat.com/mdrsh-al-rdwan-al-khash,https://twsia.com/al-ridwan-private-school
https://murabaat.com/mdrsh-ywhna-al-dmshqy-al-khash,https://twsia.com/yuhanna-dimashqi-private-school
https://murabaat.com/mjwhrat-anwar-al-mdynh,https://twsia.com/jewelry-anwar-al-mdynh
https://murabaat.com/search,https://twsia.com/search
https://murabaat.com/zekreat-jewellery,https://twsia.com/zekreat-jewellery
https://murabaat.com/mdrsh-al-mdynh-al-sghyrh,https://twsia.com/little-city-school
https://murabaat.com/lali-jewels,https://twsia.com/lali-jewels
https://murabaat.com/mstshfa-al-aasy-al-jdyd,https://twsia.com/new-assi-hospital
https://murabaat.com/jamah-al-athad-al-khash,https://twsia.com/jamah-al-athad-al-khash
https://murabaat.com/afnan-charming-hotel,https://twsia.com/afnan-charming-hotel
https://murabaat.com/bkry-abw-shar,https://twsia.com/bkry-abw-shar
https://murabaat.com/al-mdrsh-al-ywsfyh-llbnat,https://twsia.com/yousifiya-girls-school
https://murabaat.com/chanel-jewelry-mjwhrat-shanyl,https://twsia.com/chanel-jewelry-mjwhrat-shanyl
https://murabaat.com/mdrsh-al-aml-al-khash,https://twsia.com/al-amal-private-school
https://murabaat.com/thanwyh-al-awdh-al-khash,https://twsia.com/highschool-al-awdh-al-khash
https://murabaat.com/awksjyn-o2,https://twsia.com/awksjyn-o2
https://murabaat.com/rwdh-al-yasmyn-al-khash,https://twsia.com/kindergarten -al-yasmyn-al-khash
https://murabaat.com/mjwhrat-al-adhm,https://twsia.com/jewelry-al-adhm
https://murabaat.com/fndq-aal-bal,https://twsia.com/aal-bal-hotel
https://murabaat.com/hdanh-al-nwr-al-khash,https://twsia.com/hdanh-al-nwr-al-khash
https://murabaat.com/lyana-jewellery,https://twsia.com/lyana-jewellery
https://murabaat.com/mard-rajw,https://twsia.com/mard-rajw
https://murabaat.com/mswghat-abd-al-rhmn-hlywy,https://twsia.com/mswghat-abd-al-rhmn-hlywy
https://murabaat.com/category/trade-and-retail,https://twsia.com/category/trade-and-retail
https://murabaat.com/hanania-hotel,https://twsia.com/hanania-hotel
https://murabaat.com/thanwyh-dmshq-al-wtnyh,https://twsia.com/highschool-dmshq-al-wtnyh
https://murabaat.com/mdrsh-nwr-al-fjr,https://twsia.com/nour-al-fajr-school
https://murabaat.com/mjwhrat-asamh,https://twsia.com/jewelry-asamh
https://murabaat.com/mwlya,https://twsia.com/mwlya
https://murabaat.com/mdrsh-al-klmh,https://twsia.com/al-kalima-school
https://murabaat.com/mshfa-al-asad-al-jrahy,https://twsia.com/al-assaad-surgical-hospital
https://murabaat.com/country/sy/city/homs/category/hospitals-clinics,https://twsia.com/country/sy/city/homs/category/hospitals-clinics
https://murabaat.com/country/sy/city/latakia/category/transportation-shipping-companies,https://twsia.com/country/sy/city/latakia/category/transportation-shipping-companies
https://murabaat.com/rwdh-al-ans,https://twsia.com/kindergarten -al-ans
https://murabaat.com/shrkh-al-rafdyn-llshhn-w-al-nql,https://twsia.com/company-al-rafdyn-llshhn-w-al-nql
https://murabaat.com/fndq-lwrws,https://twsia.com/laurus-hotel
https://murabaat.com/country/sy/city/tartus,https://twsia.com/country/sy/city/tartus
https://murabaat.com/shrkh-fnc,https://twsia.com/company-fnc
https://murabaat.com/al-mstshfa-al-tby-al-jrahy,https://twsia.com/medical-surgical-hospital
https://murabaat.com/izes-hotel,https://twsia.com/izes-hotel
https://murabaat.com/country/sy/city/homs/category/hotels-resorts,https://twsia.com/country/sy/city/homs/category/hotels-resorts
https://murabaat.com/fndq-awrba,https://twsia.com/europa-hotel
https://murabaat.com/azizieh-hospital,https://twsia.com/azizieh-hospital
https://murabaat.com/fndq-antradws,https://twsia.com/antradus-hotel
https://murabaat.com/mjwhrat-al-jndly,https://twsia.com/jewelry-al-jndly
https://murabaat.com/fndq-armtaj,https://twsia.com/armtage-hotel
https://murabaat.com/mshfa-al-wtn-al-khas,https://twsia.com/al-watan-private-hospital
https://murabaat.com/mjwhrat-al-rkn-al-dhhby,https://twsia.com/jewelry-al-rkn-al-dhhby
https://murabaat.com/life-line-clinics,https://twsia.com/life-line-clinics
https://murabaat.com/rwdh-asafyr-al-jnh,https://twsia.com/kindergarten -asafyr-al-jnh
https://murabaat.com/country/lb/category/commercial-shops,https://twsia.com/country/lb/category/commercial-shops
https://murabaat.com/mshfa-al-tb-al-arby-al-jrahy,https://twsia.com/arabic-medicine-surgical-hospital
https://murabaat.com/mdrsh-bny-tghlb-al-thanyh-al-khash,https://twsia.com/bani-taghleb-2-private-school
https://murabaat.com/mdrsh-sydh-al-frh-al-khash,https://twsia.com/sayidat-al-farah-private-school
https://murabaat.com/royal-suites-hotel,https://twsia.com/royal-suites-hotel
https://murabaat.com/agenor-hotel,https://twsia.com/agenor-hotel
https://murabaat.com/mdrsh-al-mnyr-al-talymyh-al-khash,https://twsia.com/al-moneer-private-school
https://murabaat.com/tourist-hotel,https://twsia.com/tourist-hotel
https://murabaat.com/mdrsh-rwdh-al-hyaa-al-khash,https://twsia.com/al-hayat-private-school
https://murabaat.com/mdrsh-al-thanwyh-al-mhsnyh-llbnyn,https://twsia.com/al-mohsiniya-school
https://murabaat.com/mnzwmh-bshaer-al-ayman-mdrsh-al-rghd-al-khash,https://twsia.com/al-raghad-private-school
https://murabaat.com/boustan-hotel,https://twsia.com/boustan-hotel
https://murabaat.com/al-jamah-al-dwlyh-llmaal-jh-al-snyh-al-shamlh-wal-mjanbh,https://twsia.com/al-jamah-al-dwlyh-llmaal-jh-al-snyh-al-shamlh-wal-mjanbh
https://murabaat.com/dndnh-kafyh,https://twsia.com/dndnh-kafyh
https://murabaat.com/mshfa-al-razy-al-jdyd,https://twsia.com/al-razy-new-hospital
https://murabaat.com/almashreq-hospital-mstshfa-al-mshrq,https://twsia.com/almashreq-hospital
https://murabaat.com/mdrsh-jyl-al-ghd-al-khash,https://twsia.com/jil-al-ghad-private-school
https://murabaat.com/al-mdrsh-al-amrykyh,https://twsia.com/american-school
https://murabaat.com/mshfa-al-astshary-al-hdyth,https://twsia.com/modern-consulting-hospital
https://murabaat.com/mshfa-dar-al-aywn-wal-tjmyl,https://twsia.com/dar-aloyoun-cosmetic-hospital
https://murabaat.com/mdrsh-shms-al-maarf-al-khash,https://twsia.com/shams-al-maaref-private-school
https://murabaat.com/golden-beach-hotel,https://twsia.com/golden-beach-hotel
https://murabaat.com/mstshfa-bdya-hmwdh-al-jrahy,https://twsia.com/badea-hamoudeh-surgical-hospital
https://murabaat.com/jdayde-hotel,https://twsia.com/jdayde-hotel
https://murabaat.com/companies?page=8,https://twsia.com/companies?page=8
https://murabaat.com/felicity-solar-service-maintenance-center,https://twsia.com/felicity-solar-service-maintenance-center
https://murabaat.com/mjwhrat-dhkryat,https://twsia.com/jewelry-dhkryat
https://murabaat.com/fndq-byt-al-mmlwkh,https://twsia.com/fbeit-al-mamloukeh-hotel
https://murabaat.com/mshfa-al-raayh-al-khash,https://twsia.com/al-rayah-private-hospital
https://murabaat.com/rwdh-al-rshyd,https://twsia.com/kindergarten -al-rshyd
https://murabaat.com/mdrsh-al-aasyh-al-khash,https://twsia.com/al-asiya-private-school
https://murabaat.com/fndq-brj-al-shahyn,https://twsia.com/burj-al-shahyn-hotel
https://murabaat.com/mshfa-al-ahram-al-tkhssy,https://twsia.com/al-ahram-specialty-hospital
https://murabaat.com/mdrsh-al-frh-al-khash,https://twsia.com/al-farah-private-school
https://murabaat.com/fallouh-house,https://twsia.com/fallouh-house
https://murabaat.com/mjwhrat-al-ghrywaty-lldhhb,https://twsia.com/jewelry-al-ghrywaty-lldhhb
https://murabaat.com/thanwyh-mahd-al-njah-al-khash-llbnat,https://twsia.com/highschool-mahd-al-njah-al-khash-llbnat
https://murabaat.com/sham-lltaqh-al-solar-wal-btaryat,https://twsia.com/sham-lltaqh-al-shmsyh-wal-btaryat
https://murabaat.com/rwdh-al-mshaal,https://twsia.com/kindergarten -al-mshaal
https://murabaat.com/shrkh-hbh-al-hdythh,https://twsia.com/company-hbh-al-hdythh
https://murabaat.com/rwdh-njwm-al-ghd,https://twsia.com/kindergarten -njwm-al-ghd
https://murabaat.com/la-capital-damas,https://twsia.com/la-capital-damas
https://murabaat.com/mshfa-al-aysa,https://twsia.com/al-ayssa-hospital
https://murabaat.com/fndq-qsr-al-shrq,https://twsia.com/qasr-al-sharq-hotel
https://murabaat.com/max-power,https://twsia.com/max-power
https://murabaat.com/mjwhrat-bsam-tamh,https://twsia.com/jewelry-bsam-tamh
https://murabaat.com/royal-gold,https://twsia.com/royal-gold
https://murabaat.com/mshfa-al-mdynh,https://twsia.com/al-madina-hospital
https://murabaat.com/syf-w-shty,https://twsia.com/syf-w-shty
https://murabaat.com/mktbauto-bazar,https://twsia.com/officeauto-bazar
https://murabaat.com/shrkh-al-hyah-lltkhlys-al-jmrky-wal-nql-al-arby-wal-dwly,https://twsia.com/company-al-hyah-lltkhlys-al-jmrky-wal-nql-al-arby-wal-dwly
https://murabaat.com/byt-rman,https://twsia.com/byt-rman
https://murabaat.com/mdrsh-al-amal-al-rafdh-al-khash,https://twsia.com/alamal-alrafedah-private-school
https://murabaat.com/fndq-al-dywan,https://twsia.com/al-diwan-hotel
https://murabaat.com/beit-zaman-hotel,https://twsia.com/beit-zaman-hotel
https://murabaat.com/mdars-al-amyn-al-khash,https://twsia.com/al-ameen-private-school
https://murabaat.com/amyh,https://twsia.com/amyh
https://murabaat.com/hotel-sultan,https://twsia.com/hotel-sultan
https://murabaat.com/mstshfa-bshyr-aalajaty-lltwlyd,https://twsia.com/bashir-maternity-hospital
https://murabaat.com/country/eg/category/technology,https://twsia.com/country/eg/category/technology
https://murabaat.com/country/eg/city/aljiza,https://twsia.com/country/eg/city/aljiza
https://murabaat.com/fndq-amyh,https://twsia.com/omyah-hotel
https://murabaat.com/mjwhrat-abyd-w-sman,https://twsia.com/jewelry-abyd-w-sman
https://murabaat.com/al-mdrsh-al-hdythh-al-khash,https://twsia.com/al-hadythh-private-school
https://murabaat.com/fndq-antyk-khan,https://twsia.com/antique-khan-hotel
https://murabaat.com/coral-julia-dumna-hotel,https://twsia.com/coral-julia-dumna-hotel
https://murabaat.com/mjwhrat-byt-al-dhhb,https://twsia.com/jewelry-byt-al-dhhb
https://murabaat.com/dar-halabia-hotel,https://twsia.com/dar-halabia-hotel
https://murabaat.com/rubino-jewellery,https://twsia.com/rubino-jewellery
https://murabaat.com/mjwhrat-jbwly,https://twsia.com/jewelry-jbwly
https://murabaat.com/mdrsh-al-aml-al-khash-1,https://twsia.com/al-amal-private-school-1
https://murabaat.com/maher-yazeji-jewellery,https://twsia.com/maher-yazeji-jewellery
https://murabaat.com/mdrsh-al-awj-al-khash,https://twsia.com/al-awj-private-school
https://murabaat.com/mdrsh-iylaf-al-khash,https://twsia.com/ilaf-private-school
https://murabaat.com/mjma-al-sham-al-tby,https://twsia.com/mjma-al-sham-al-tby
https://murabaat.com/h-house-hotel-fndq-byt-al-jwd-wal-krm,https://twsia.com/beit-al-joud-wal-karam-hotel
https://murabaat.com/mstshfa-al-amyn-al-tkhssy,https://twsia.com/al-ameen-specialty-hospital
https://murabaat.com/mjwhrat-al-zyn,https://twsia.com/jewelry-al-zyn
https://murabaat.com/fndq-aylya-al-syahy,https://twsia.com/aylya-touristic-hotel
https://murabaat.com/mshfa-al-rwdh-al-jrahy,https://twsia.com/al-rawda-surgical-hospital
https://murabaat.com/fndq-inana,https://twsia.com/inana-hotel
https://murabaat.com/hlb-al-jdydh-abn-hyan-al-khash,https://twsia.com/hlb-al-jdydh-abn-hyan-al-khash
https://murabaat.com/services,https://twsia.com/services
https://murabaat.com/country/sy/city/damascus/sub-area/bab-touma,https://twsia.com/country/sy/city/damascus/sub-area/bab-touma
https://murabaat.com/ard-al-dhhb-golden-land,https://twsia.com/ard-al-dhhb-golden-land
https://murabaat.com/fndq-zyn-blas,https://twsia.com/zain-plase-hotel
https://murabaat.com/mshfa-al-shfaa,https://twsia.com/al-shifa-hospital
https://murabaat.com/btwq,https://twsia.com/btwq
https://murabaat.com/country/sy/category/energy-companies?page=4,https://twsia.com/country/sy/category/energy-companies?page=4
https://murabaat.com/mdrsh-al-msawdyh-al-khash,https://twsia.com/masoudiya-private-school
https://murabaat.com/mshfa-al-jsry,https://twsia.com/al-jasry-hospital
https://murabaat.com/rwdh-al-njwm,https://twsia.com/kindergarten -al-njwm
https://murabaat.com/mjwhrat-abnaa-nwr-al-dyn,https://twsia.com/jewelry-abnaa-nwr-al-dyn
https://murabaat.com/kemareah-hotel,https://twsia.com/kemareah-hotel
https://murabaat.com/mdrsh-al-mawnh-al-khash-llinath,https://twsia.com/al-mawneh-girls-private-school
https://murabaat.com/mswghat-mswghat-ahmd-sbhy-hlywy,https://twsia.com/mswghat-mswghat-ahmd-sbhy-hlywy
https://murabaat.com/al-shahd-llmjwhrat,https://twsia.com/al-shahd-llmjwhrat
https://murabaat.com/country/eg/city/cairo,https://twsia.com/country/eg/city/cairo
https://murabaat.com/mhl-mhmd-hsham-al-khdry,https://twsia.com/mhl-mhmd-hsham-al-khdry
https://murabaat.com/rwad-al-mjd-al-khash,https://twsia.com/rwad-al-mjd-al-khash
https://murabaat.com/rwdh-al-njwm-al-khash,https://twsia.com/kindergarten -al-njwm-al-khash
https://murabaat.com/mdrsh-shate-al-atfal-al-khash-shatea-alatfal-school,https://twsia.com/shatea-al-atfal-private-school
https://murabaat.com/mshfa-al-sbyl-al-tkhssy-al-jrahy,https://twsia.com/al-sabeel-specialty-surgical-hospital
https://murabaat.com/mjwhrat-al-mash,https://twsia.com/jewelry-al-mash
https://murabaat.com/mdrsh-mnahl-al-khyrat-al-khash,https://twsia.com/manahil-al-khayrat-private-school
https://murabaat.com/mdrsh-al-khtwh-al-awla,https://twsia.com/first-step-school
https://murabaat.com/mdrsh-dwhh-al-rhab,https://twsia.com/dawhat-al-rahab-school
https://murabaat.com/mdrsh-abjdyh-al-ghryb-al-khash,https://twsia.com/abjadiyat-al-gharib-private-school
https://murabaat.com/jewellery-nakkashian,https://twsia.com/jewellery-nakkashian
https://murabaat.com/al-mshfa-al-swry-al-frnsy-al-tkhssy,https://twsia.com/syrian-french-specialty-hospital
https://murabaat.com/hanadi-hotel,https://twsia.com/hanadi-hotel
https://murabaat.com/country/sy/category/financial-institutions/fnancial-companies,https://twsia.com/country/sy/category/financial-institutions/fnancial-companies
https://murabaat.com/mdars-al-awael-al-nmwdhjyh-al-khash-llbnat,https://twsia.com/al-awail-model-girls-private-school
https://murabaat.com/al-saleh-private-school,https://twsia.com/al-saleh-private-school
https://murabaat.com/mshfa-al-twlyd-al-khas,https://twsia.com/private-maternity-hospital
https://murabaat.com/thanwyh-al-sham-al-nmwdhjyh-al-khash-llbnyn,https://twsia.com/highschool-al-sham-al-nmwdhjyh-al-khash-llbnyn
https://murabaat.com/mdrsh-al-jmhwr-al-khash-llinath,https://twsia.com/al-jumhour-girls-private-school
https://murabaat.com/al-mshfa-al-arby-al-jdyd,https://twsia.com/new-arabic-hospital
https://murabaat.com/st-paul-boutiqe-hotel,https://twsia.com/st-paul-boutiqe-hotel
https://murabaat.com/shamo-jewellery-mjwhrat-shamw,https://twsia.com/shamo-jewellery-mjwhrat-shamw
https://murabaat.com/cole-prive-al-riaya-mdrsh-al-raayh-al-khash,https://twsia.com/al-riaya-private-school
https://murabaat.com/mdrsh-al-sydh-mrym-al-khash,https://twsia.com/sayyidah-maryam-private-school
https://murabaat.com/mrkz-al-andls-llalwm-al-syahyh,https://twsia.com/mrkz-al-andls-llalwm-al-syahyh
https://murabaat.com/al-mshfa-al-ahly-al-tkhssy,https://twsia.com/al-ahly-specialty-hospital
https://murabaat.com/mdrsh-abn-khldwn-al-khash,https://twsia.com/ibn-khaldoun-private-school
https://murabaat.com/nwr-lltqnyat-al-khrbaeyh-wal-taqh-al-shmsyh,https://twsia.com/nwr-lltqnyat-al-khrbaeyh-wal-taqh-al-shmsyh
https://murabaat.com/country/sy/category/beauty-centers/hair-care-centers,https://twsia.com/country/sy/category/beauty-centers/hair-care-centers
https://murabaat.com/mdrsh-al-zhraa-al-khash-al-martyny,https://twsia.com/al-zahraa-private-school
https://murabaat.com/mshfa-al-hyah,https://twsia.com/al-hayat-hospital
https://murabaat.com/mirage-palace-hotel,https://twsia.com/mirage-palace-hotel
https://murabaat.com/mdrsh-al-qryh-al-sghyrh,https://twsia.com/little-village-school
https://murabaat.com/al-mshfa-al-swry-al-tkhssy,https://twsia.com/syrian-specialty-hospital
https://murabaat.com/al-jamah-al-arbyh-al-khash-llalwm-wal-tknwlwjya,https://twsia.com/al-jamah-al-arbyh-al-khash-llalwm-wal-tknwlwjya
https://murabaat.com/shrkh-mwlr-llshhn-al-dwly,https://twsia.com/company-mwlr-llshhn-al-dwly
https://murabaat.com/mjwhrat-hsn,https://twsia.com/jewelry-hsn
https://murabaat.com/country/sy/category/energy-companies,https://twsia.com/country/sy/category/energy-companies
https://murabaat.com/ambassador-hotel,https://twsia.com/ambassador-hotel
https://murabaat.com/country/jo/category/educational-centers,https://twsia.com/country/jo/category/educational-centers
https://murabaat.com/mshfa-al-abasyh,https://twsia.com/al-abbasiyah-hospital
https://murabaat.com/mshfa-al-zaym-al-tkhssy,https://twsia.com/al-zaaim-specialty-hospital
https://murabaat.com/aal-m-al-mjwhratyhya-al-rhal,https://twsia.com/aal-m-al-mjwhratyhya-al-rhal
https://murabaat.com/country/eg/city/cairo/sub-area/alzamalik,https://twsia.com/country/eg/city/cairo/sub-area/alzamalik
https://murabaat.com/mswghat-hlb,https://twsia.com/mswghat-hlb
https://www.murabaat.com/al-jamah-al-arbyh-al-khash-llalwm-wal-tknwlwjya,https://www.twsia.com/al-jamah-al-arbyh-al-khash-llalwm-wal-tknwlwjya
https://murabaat.com/rwdh-nbras-al-marfh,https://twsia.com/kindergarten -nbras-al-marfh
https://murabaat.com/mktb-ylaghw-hlb,https://twsia.com/office-ylaghw-hlb
https://murabaat.com/mdrsh-dwhh-al-trbyh-al-khash,https://twsia.com/dawhat-al-tarbiyah-private-school
https://murabaat.com/mdrsh-jabr-al-ansary-khash,https://twsia.com/jabr-al-ansari-private-school
https://murabaat.com/mossh-tryq-al-njah-al-talymh-al-khash,https://twsia.com/mossh-tryq-al-njah-al-talymh-al-khash
https://murabaat.com/mdrsh-arwad-al-khash,https://twsia.com/arwad-private-school
https://murabaat.com/mdrsh-al-anayh-al-khash,https://twsia.com/al-inayah-private-school
https://murabaat.com/mshfa-smart-kyr-al-tkhssy-smart-care-hospital,https://twsia.com/smart-care-specialty-hospital
https://murabaat.com/shrkh-al-shhbaa-llshhn,https://twsia.com/company-al-shhbaa-llshhn
https://murabaat.com/mdrsh-al-mkhtar-al-nmwdhjyh,https://twsia.com/al-mukhtar-model-school
https://murabaat.com/beit-zafran-hotel-de-charme,https://twsia.com/beit-zafran-hotel-de-charme
https://murabaat.com/turquoise-hotel,https://twsia.com/turquoise-hotel
https://murabaat.com/mdrsh-fjr-al-tfwq-al-khash,https://twsia.com/fajr-al-tafoq-private-school
https://murabaat.com/abw-jwrj,https://twsia.com/abw-jwrj
https://murabaat.com/fndq-al-aamr,https://twsia.com/al-aamer-hotel
https://murabaat.com/fndq-bsman,https://twsia.com/basman-hotel
https://murabaat.com/country/eg/city/cairo/sub-area/city-nasr/category/car-companies,https://twsia.com/country/eg/city/cairo/sub-area/city-nasr/category/car-companies
https://murabaat.com/fndq-qsr-al-fars,https://twsia.com/qasr-al-fares-hotel
https://murabaat.com/country/sy/category/hotels-resorts,https://twsia.com/country/sy/category/hotels-resorts
https://murabaat.com/country/sy/category/trade-and-retail/Jewelry-Gold-Shops,https://twsia.com/country/sy/category/trade-and-retail/Jewelry-Gold-Shops
https://murabaat.com/country/lb/category/energy-companies,https://twsia.com/country/lb/category/energy-companies
https://murabaat.com/mdrsh-aafaq-al-sham-al-khashinath,https://twsia.com/afaq-al-sham-private-school
https://murabaat.com/btc-logistic-syria,https://twsia.com/btc-logistic-syria
https://murabaat.com/country/sy/city/damascus,https://twsia.com/country/sy/city/damascus
https://murabaat.com/rwdh-al-martqla,https://twsia.com/kindergarten -al-martqla
https://murabaat.com/mjwhrat-dha,https://twsia.com/jewelry-dha
https://murabaat.com/country/eg/category/energy-companies,https://twsia.com/country/eg/category/energy-companies
https://murabaat.com/mdrsh-al-njah-al-khash,https://twsia.com/al-najah-private-school
https://murabaat.com/al-mshfa-al-swry,https://twsia.com/alsouri-hospital
https://murabaat.com/category/educational-centers,https://twsia.com/category/educational-centers
https://murabaat.com/mshfa-al-nwr-lltwlyd,https://twsia.com/al-noor-maternity-hospital
https://murabaat.com/mshfa-al-rshyd,https://twsia.com/al-rasheed-hospital
https://murabaat.com/fndq-al-bhr-bls,https://twsia.com/bahr-plase-hotel
https://murabaat.com/mshfa-bysan,https://twsia.com/baysan-hospital
https://murabaat.com/fndq-trtws-al-kbyr,https://twsia.com/tartous-grand-hotel
https://murabaat.com/mstshfa-al-hkmh,https://twsia.com/hikma-hospital
https://murabaat.com/mdrsh-dar-al-slam,https://twsia.com/dar-al-salam-school
https://murabaat.com/mshfa-al-asdy,https://twsia.com/al-asady-hospital
https://murabaat.com/mjwhrat-wmswghat-kfa,https://twsia.com/jewelry-wmswghat-kfa
https://murabaat.com/category/educational-centers?page=2,https://twsia.com/category/educational-centers?page=2
https://murabaat.com/country/sy/city/aleppo/sub-area/afrin,https://twsia.com/country/sy/city/aleppo/sub-area/afrin
https://murabaat.com/mdrsh-alya-al-khask,https://twsia.com/aliya-private-school
https://murabaat.com/category/educational-centers?page=3,https://twsia.com/category/educational-centers?page=3
https://murabaat.com/category/educational-centers?page=4,https://twsia.com/category/educational-centers?page=4
https://murabaat.com/mjwhrat-brkat,https://twsia.com/jewelry-brkat
https://murabaat.com/country/eg/category/technology-companies,https://twsia.com/country/eg/category/technology-companies
https://murabaat.com/mdrsh-dar-al-naym,https://twsia.com/dar-al-naeem-school
https://murabaat.com/mshfa-al-ahly,https://twsia.com/alahly-hospital
https://murabaat.com/mshfa-al-shhbaa-al-tkhssy,https://twsia.com/al-shahbaa-specialty-hospital
https://murabaat.com/mstshfa-al-fyhaa,https://twsia.com/fayhaa-hospital
https://murabaat.com/mstshfa-al-kndy,https://twsia.com/al-kindi-hospital
https://murabaat.com/mshfa-al-shamy,https://twsia.com/al-shami-hospital
https://murabaat.com/rwdh-w-mdrsh-al-ibdaa-al-khash,https://twsia.com/al-ibdaa-private-kindergarten-school
https://murabaat.com/mshfa-al-mhth,https://twsia.com/al-mahath-hospital
https://murabaat.com/mshfa-amyh,https://twsia.com/omyah-hospital
https://murabaat.com/brymks-llshhn-al-dwly,https://twsia.com/brymks-llshhn-al-dwly
https://murabaat.com/fndq-al-qysr,https://twsia.com/al-qaysar-hotel
https://murabaat.com/country/eg/city/aljiza/sub-area/alduqi,https://twsia.com/country/eg/city/aljiza/sub-area/alduqi
https://murabaat.com/about,https://twsia.com/about
https://murabaat.com/fndq-al-sal-h,https://twsia.com/al-salih-hotel
https://murabaat.com/al-mshfa-al-iytal-y,https://twsia.com/italian-hospital
https://murabaat.com/mjwhrat-t,https://twsia.com/jewelry-t
https://murabaat.com/mktb-al-jrjnazy-lajar-al-syarat,https://twsia.com/office-al-jrjnazy-lajar-al-syarat
https://murabaat.com/rwdh-al-qswr-al-ahlyh,https://twsia.com/kindergarten -al-qswr-al-ahlyh
https://murabaat.com/auth/signin,https://twsia.com/auth/signin
https://murabaat.com/mstshfa-hsn-shykh-al-ard-al-tkhssy,https://twsia.com/hassan-sheikh-alard-specialty-hospital
https://murabaat.com/mjwhrat-smyr,https://twsia.com/jewelry-smyr
https://murabaat.com/rwdh-al-aml-al-khash-1,https://twsia.com/kindergarten -al-aml-al-khash-1
https://www.murabaat.com/category/trade-and-retail,https://www.twsia.com/category/trade-and-retail
https://murabaat.com/companies?page=7,https://twsia.com/companies?page=7
https://murabaat.com/mshfa-al-qdys-lwys-al-frnsy,https://twsia.com/saint-louis-french-hospital
https://murabaat.com/infinity-fitness-gym,https://twsia.com/infinity-fitness-gym
https://murabaat.com/dar-al-noor-hotel-fndq-dar-al-nwr,https://twsia.com/dar-al-noor-hotel
https://murabaat.com/country/sy/city/aleppo,https://twsia.com/country/sy/city/aleppo
https://murabaat.com/country/eg/city/cairo/sub-area/city-nasr,https://twsia.com/country/eg/city/cairo/sub-area/city-nasr
https://murabaat.com/category/restaurants,https://twsia.com/category/restaurants
https://www.murabaat.com/category/restaurants,https://www.twsia.com/category/restaurants
https://murabaat.com/lwz-wskr,https://twsia.com/lwz-wskr
https://murabaat.com/bshara-jewelry,https://twsia.com/bshara-jewelry
https://murabaat.com/mktb-al-arab,https://twsia.com/office-al-arab
https://murabaat.com/country/eg/city/cairo/sub-area/maadi,https://twsia.com/country/eg/city/cairo/sub-area/maadi
https://murabaat.com/fndq-al-btraa,https://twsia.com/al-batraa-hotel
https://murabaat.com/fndq-dywnyzyas,https://twsia.com/dionysias-hotel
https://murabaat.com/mjwhrat-wmswghat-al-hwrany,https://twsia.com/jewelry-wmswghat-al-hwrany
https://murabaat.com/rwdh-snabl-al-khyr,https://twsia.com/kindergarten -snabl-al-khyr
https://murabaat.com/mard-zkrya,https://twsia.com/mard-zkrya
https://murabaat.com/mjwhrat-al-wlaa,https://twsia.com/jewelry-al-wlaa
https://murabaat.com/al-thanwyh-al-ahlyh-al-khash-astfan,https://twsia.com/al-thanwyh-al-ahlyh-al-khash-astfan
https://murabaat.com/lingo-kids,https://twsia.com/lingo-kids
https://murabaat.com/mdrsh-al-abdaa-al-khash,https://twsia.com/al-ebdaa-private-school
https://murabaat.com/privacy,https://twsia.com/privacy
https://murabaat.com/mdrsh-dwhh-al-blabl,https://twsia.com/dawhat-al-balabel-school
https://murabaat.com/afamia-hotel-resort,https://twsia.com/afamia-hotel-resort
https://murabaat.com/country/sy/category/restaurants,https://twsia.com/country/sy/category/restaurants
https://murabaat.com/mshfa-al-sydh-al-jrahy,https://twsia.com/al-saydeh-surgical-hospital
https://murabaat.com/rwdh-roa-al-mstqbl,https://twsia.com/kindergarten -roa-al-mstqbl
https://murabaat.com/jamah-al-sham-al-khash-aspu,https://twsia.com/jamah-al-sham-al-khash-aspu
https://murabaat.com/shrkh-alma-lltkhlys-al-jmrky,https://twsia.com/company-alma-lltkhlys-al-jmrky
https://murabaat.com/mjwhrat-al-shryqy,https://twsia.com/jewelry-al-shryqy
https://murabaat.com/mdrsh-al-tlyah-al-khash-bdmshq,https://twsia.com/al-talia-private-school-damascus
https://murabaat.com/country/lb/city/beirut/sub-area/sharie-almasarif,https://twsia.com/country/lb/city/beirut/sub-area/sharie-almasarif
https://murabaat.com/country/jo/category/energy-companies,https://twsia.com/country/jo/category/energy-companies
https://murabaat.com/companies?page=1,https://twsia.com/companies?page=1
https://murabaat.com/companies?page=5,https://twsia.com/companies?page=5
https://murabaat.com/companies?page=3,https://twsia.com/companies?page=3
https://murabaat.com/mard-abad-al-rhmn,https://twsia.com/mard-abad-al-rhmn
https://murabaat.com/mshfa-al-rhmh,https://twsia.com/al-rahma-hospital
https://murabaat.com/pub-shrqy,https://twsia.com/pub-shrqy
https://murabaat.com/country/sy/category/educational-centers,https://twsia.com/country/sy/category/educational-centers
https://murabaat.com/mshfa-tshryn-al-jamay,https://twsia.com/tishreen-university-hospital
https://murabaat.com/mahd-al-rayh,https://twsia.com/mahd-al-rayh
https://murabaat.com/fndq-al-hdyqh,https://twsia.com/al-hadiqa-hotel
https://murabaat.com/mjwhrat-hydr,https://twsia.com/jewelry-hydr
https://murabaat.com/adib-jewelery,https://twsia.com/adib-jewelery
https://murabaat.com/mshfa-al-razy,https://twsia.com/al-razy-hospital
https://murabaat.com/fndq-tdmr,https://twsia.com/tadmor-hotel
https://murabaat.com/fndq-sfyr-hms,https://twsia.com/safir-homs-hotel
https://murabaat.com/shrkh-shhn-al-hythm,https://twsia.com/company-shhn-al-hythm
https://murabaat.com/country/lb/category/technology,https://twsia.com/country/lb/category/technology
https://murabaat.com/krfan-llshhn-al-dwly,https://twsia.com/krfan-llshhn-al-dwly
https://murabaat.com/rwdh-wmdrsh-al-nwr-al-khash,https://twsia.com/al-noor-private-kindergarten-school
https://murabaat.com/mjwhrat-al-bdwy,https://twsia.com/jewelry-al-bdwy
https://murabaat.com/mard-tftnaz,https://twsia.com/mard-tftnaz
https://murabaat.com/rwdh-shmws-al-ghd,https://twsia.com/kindergarten -shmws-al-ghd
https://murabaat.com/mktb-sraqb,https://twsia.com/office-sraqb
https://murabaat.com/braam-aadhar,https://twsia.com/braam-aadhar
https://murabaat.com/mktb-banyas,https://twsia.com/office-banyas
https://murabaat.com/rwdh-al-kwkh,https://twsia.com/kindergarten -al-kwkh
https://murabaat.com/fndq-klasykal,https://twsia.com/classical-hotel
https://murabaat.com/mktb-al-sal-h,https://twsia.com/office-al-sal-h
https://murabaat.com/shrkh-hwranyh,https://twsia.com/company-hwranyh
https://murabaat.com/mjmwah-nhas,https://twsia.com/mjmwah-nhas
https://murabaat.com/country/sy/city/aleppo?page=4,https://twsia.com/country/sy/city/aleppo?page=4
https://murabaat.com/rwdh-braam-al-ghfran,https://twsia.com/kindergarten -braam-al-ghfran
https://murabaat.com/fndq-abw-al-kmyt,https://twsia.com/abu-al-kamit-hotel
https://murabaat.com/mstshfa-al-mwasah,https://twsia.com/al-muwasat-hospital
https://murabaat.com/al-ywsf-llshhn-al-dwly-fra-hmah,https://twsia.com/al-ywsf-llshhn-al-dwly-fra-hmah
https://murabaat.com/rwdh-yasmyn-al-sham,https://twsia.com/kindergarten -yasmyn-al-sham
https://murabaat.com/shrkh-abw-zynw,https://twsia.com/company-abw-zynw
https://murabaat.com/mshfa-al-amwry,https://twsia.com/al-amouri-hospital
https://murabaat.com/mard-ahmd-rmdan,https://twsia.com/mard-ahmd-rmdan
https://murabaat.com/mjwhrat-mswh,https://twsia.com/jewelry-mswh
https://murabaat.com/shrkh-al-lwlw-llsyarat,https://twsia.com/company-al-lwlw-llsyarat
https://murabaat.com/sindibad-kindergarten,https://twsia.com/sindibad-kindergarten
https://murabaat.com/country/sy/city/damascus/sub-area/Altal,https://twsia.com/country/sy/city/damascus/sub-area/Altal
https://murabaat.com/country/lb/city/beirut,https://twsia.com/country/lb/city/beirut
https://murabaat.com/country/sy/category/sports-facilities,https://twsia.com/country/sy/category/sports-facilities
https://murabaat.com/rwdh-al-rwaby,https://twsia.com/kindergarten -al-rwaby
https://murabaat.com/rwdh-al-snabl-al-fra-al-awl,https://twsia.com/kindergarten -al-snabl-al-fra-al-awl
https://murabaat.com/mard-mrhf-hdad,https://twsia.com/mard-mrhf-hdad
https://murabaat.com/rwdh-al-hkmh,https://twsia.com/kindergarten -al-hkmh
https://murabaat.com/rwdh-al-nda,https://twsia.com/kindergarten -al-nda
https://murabaat.com/kassabian-company-shrkh-qsabyan,https://twsia.com/kassabian-company-shrkh-qsabyan
https://murabaat.com/rwdh-dyzny-kydz,https://twsia.com/kindergarten -dyzny-kydz
https://murabaat.com/fndq-sarh,https://twsia.com/sarah-hotel
https://murabaat.com/mard-al-hbal,https://twsia.com/mard-al-hbal
https://murabaat.com/knq-al-syarat,https://twsia.com/knq-al-syarat
https://murabaat.com/teacher-motors-abw-mmdwh,https://twsia.com/teacher-motors-abw-mmdwh
https://murabaat.com/mshfa-al-mjd,https://twsia.com/al-majd-hospital
https://murabaat.com/shrkh-abwras-al-tjaryh-llitarat,https://twsia.com/company-abwras-al-tjaryh-llitarat
https://murabaat.com/rwdh-al-wfaa,https://twsia.com/kindergarten -al-wfaa
https://murabaat.com/zeitoun-jewelry,https://twsia.com/zeitoun-jewelry
https://murabaat.com/braam-al-nwr,https://twsia.com/braam-al-nwr
https://murabaat.com/rwdh-frdw,https://twsia.com/kindergarten -frdw
https://murabaat.com/shrkh-mllwk-llsyarat,https://twsia.com/company-mllwk-llsyarat
https://murabaat.com/rwdh-al-ala,https://twsia.com/kindergarten -al-ala
https://murabaat.com/mjwhrat-al-mhbh,https://twsia.com/jewelry-al-mhbh
https://murabaat.com/syro-motors,https://twsia.com/syro-motors
https://murabaat.com/mktb-abd-al-jwad,https://twsia.com/office-abd-al-jwad
https://murabaat.com/rwdh-al-mamwn,https://twsia.com/kindergarten -al-mamwn
https://murabaat.com/mshfa-al-slam,https://twsia.com/al-salam-hospital
https://murabaat.com/mjwhrat-kmal,https://twsia.com/jewelry-kmal
https://murabaat.com/mstshfa-dar-al-shfaa,https://twsia.com/dar-alshifa-hospital
https://murabaat.com/al-barwdyh,https://twsia.com/al-barwdyh
https://murabaat.com/mjwhrat-asamh-aaram,https://twsia.com/jewelry-asamh-aaram
https://murabaat.com/mstshfa-al-shqqy,https://twsia.com/al-sheqaqi-hospital
https://murabaat.com/mjwhrat-dhby-wagha,https://twsia.com/jewelry-dhby-wagha
https://murabaat.com/shrkh-mwbs,https://twsia.com/company-mwbs
https://murabaat.com/add-company,https://twsia.com/add-company
https://murabaat.com/mshfa-al-mal-k,https://twsia.com/al-malek-hospital
https://murabaat.com/mswghat-jbran,https://twsia.com/mswghat-jbran
https://murabaat.com/mdrshetc-al-khash,https://twsia.com/etc-private-school
https://murabaat.com/rwdh-dar-al-mrh,https://twsia.com/kindergarten -dar-al-mrh
https://murabaat.com/rwdh-shamna,https://twsia.com/kindergarten -shamna
https://murabaat.com/rwdh-al-nwr,https://twsia.com/kindergarten -al-nwr
https://murabaat.com/rwdh-tshryn,https://twsia.com/kindergarten -tshryn
https://murabaat.com/shrkh-kmal-khyr,https://twsia.com/company-kmal-khyr
https://murabaat.com/mstshfa-al-shrq,https://twsia.com/al-sharq-hospital
https://murabaat.com/shrkh-khdrh-al-tjaryh,https://twsia.com/company-khdrh-al-tjaryh
https://murabaat.com/al-wsyt-lltjarh,https://twsia.com/al-wsyt-lltjarh
https://murabaat.com/jwdks-llshhn-al-dwly,https://twsia.com/jwdks-llshhn-al-dwly
https://murabaat.com/mktb-al-qysr,https://twsia.com/office-al-qysr
https://murabaat.com/terms,https://twsia.com/terms
https://murabaat.com/mjwhrat-rtyl,https://twsia.com/jewelry-rtyl
https://murabaat.com/mjmwah-shmwt,https://twsia.com/mjmwah-shmwt
https://murabaat.com/rwdh-azhar-al-bnfsj,https://twsia.com/kindergarten -azhar-al-bnfsj
https://murabaat.com/mdrsh-djlh-al-khash,https://twsia.com/dajla-private-school
https://murabaat.com/shrkh-hany-abdllh-naym,https://twsia.com/company-hany-abdllh-naym
https://murabaat.com/rwdh-snabl-al-tfwlh,https://twsia.com/kindergarten -snabl-al-tfwlh
https://murabaat.com/rwdh-aafaq-al-tfwlh,https://twsia.com/kindergarten -aafaq-al-tfwlh
https://murabaat.com/rwdh-drwb-al-nwr,https://twsia.com/kindergarten -drwb-al-nwr
https://murabaat.com/caramel-preschool-rwdh-karamyl,https://twsia.com/caramel-preschool-rwdh-karamyl
https://murabaat.com/dwhh-al-bshyr,https://twsia.com/dwhh-al-bshyr
https://murabaat.com/rwdh-al-snabl-al-fra-al-thany,https://twsia.com/kindergarten -al-snabl-al-fra-al-thany
https://murabaat.com/rwdh-kmal-al-tfwlh,https://twsia.com/kindergarten -kmal-al-tfwlh
https://murabaat.com/rwdh-ahlam-al-tfwlh,https://twsia.com/kindergarten -ahlam-al-tfwlh
https://murabaat.com/rwdh-drym-land,https://twsia.com/kindergarten -drym-land
https://murabaat.com/rwdh-al-nkhyl,https://twsia.com/kindergarten -al-nkhyl
https://murabaat.com/mstshfa-al-hwrany,https://twsia.com/hawrani-hospital
https://murabaat.com/shrkh-sfwan-dyb-llsyarat,https://twsia.com/company-sfwan-dyb-llsyarat
https://murabaat.com/afamya-al-sham,https://twsia.com/afamya-al-sham
https://murabaat.com/aybla-llshhn-al-dwly,https://twsia.com/aybla-llshhn-al-dwly
https://murabaat.com/country/sy/category/restaurants/cafés,https://twsia.com/country/sy/category/restaurants/cafés
https://murabaat.com/rwdh-nwr-al-ajyal,https://twsia.com/kindergarten -nwr-al-ajyal
https://murabaat.com/mdrsh-mary-al-khash,https://twsia.com/mary-private-school
https://murabaat.com/krfan-llshhn-al-dwly-fra-hmah,https://twsia.com/krfan-llshhn-al-dwly-fra-hmah
https://murabaat.com/rwdh-mama-nbyla,https://twsia.com/kindergarten -mama-nbyla
https://murabaat.com/rasal-ltjarh-al-syarat,https://twsia.com/rasal-ltjarh-al-syarat
https://murabaat.com/mjwhrat-mtya,https://twsia.com/jewelry-mtya
https://murabaat.com/mard-zaza,https://twsia.com/mard-zaza
https://murabaat.com/mktb-abw-al-az,https://twsia.com/office-abw-al-az
https://murabaat.com/rwdh-dar-al-krm,https://twsia.com/kindergarten -dar-al-krm
https://murabaat.com/rwdh-mdynh-al-atfal,https://twsia.com/kindergarten -mdynh-al-atfal
https://murabaat.com/mshfa-al-mzrah,https://twsia.com/al-mazraah-hospital
https://murabaat.com/abrahym-al-shnth,https://twsia.com/abrahym-al-shnth
https://murabaat.com/royal-cars,https://twsia.com/royal-cars
https://murabaat.com/mjwhrat-al-rfaay-2,https://twsia.com/jewelry-al-rfaay-2
https://murabaat.com/jamah-bshyr-rhyjh,https://twsia.com/jamah-bshyr-rhyjh
https://murabaat.com/auto-plus,https://twsia.com/auto-plus
https://murabaat.com/mktb-al-skmany,https://twsia.com/office-al-skmany
https://murabaat.com/mktb-drwysh-llsyarat,https://twsia.com/office-drwysh-llsyarat
https://murabaat.com/alkabbany,https://twsia.com/alkabbany
https://murabaat.com/mktb-al-rhwnjy,https://twsia.com/office-al-rhwnjy
https://murabaat.com/al-raed-llsyarat,https://twsia.com/al-raed-llsyarat
https://murabaat.com/rwdh-bshaer-al-iyman,https://twsia.com/kindergarten -bshaer-al-iyman
https://murabaat.com/mlaekh-al-dhhb,https://twsia.com/mlaekh-al-dhhb
https://murabaat.com/mjwhrat-al-aamyn,https://twsia.com/jewelry-al-aamyn
https://murabaat.com/rwdh-al-zhwr,https://twsia.com/kindergarten -al-zhwr
https://murabaat.com/rwdh-al-frqan,https://twsia.com/kindergarten -al-frqan
https://murabaat.com/hdanh-bably-land,https://twsia.com/hdanh-bably-land
https://murabaat.com/qbany-lqta-ghyar-al-syarat,https://twsia.com/qbany-lqta-ghyar-al-syarat
https://murabaat.com/mshfa-al-bdr-al-tkhssy,https://twsia.com/al-badr-specialty-hospital
https://murabaat.com/mstshfa-d-nasr-shqyr,https://twsia.com/dr-nasser-shuqair-hospital
https://murabaat.com/rwdh-snabl-al-nyrb,https://twsia.com/kindergarten -snabl-al-nyrb
https://murabaat.com/shrkh-loy-hmzh,https://twsia.com/company-loy-hmzh
https://murabaat.com/rwdh-tlaea-jrmana,https://twsia.com/kindergarten -tlaea-jrmana
https://murabaat.com/rwdh-ajyal-al-khash,https://twsia.com/kindergarten -ajyal-al-khash
https://murabaat.com/rwdh-frdws-al-atfal,https://twsia.com/kindergarten -frdws-al-atfal
https://murabaat.com/rwdh-dwhh-al-sghar,https://twsia.com/kindergarten -dwhh-al-sghar
https://murabaat.com/mjwhrat-mlwhy,https://twsia.com/jewelry-mlwhy
https://murabaat.com/rwdh-bhr-al-alwm,https://twsia.com/kindergarten -bhr-al-alwm
https://murabaat.com/shrkh-al-tas,https://twsia.com/company-al-tas
https://murabaat.com/dhl-daraa,https://twsia.com/dhl-daraa
https://murabaat.com/mstshfa-al-mtlq,https://twsia.com/al-mutlaq-hospital
https://murabaat.com/shrkh-mwslly-al-tjaryh,https://twsia.com/company-mwslly-al-tjaryh
https://murabaat.com/syryn-lldhhb,https://twsia.com/syryn-lldhhb
https://murabaat.com/mktb-al-shaarllsyarat,https://twsia.com/office-al-shaarllsyarat
https://murabaat.com/mswghat-wmjwhrat-krwma,https://twsia.com/mswghat-wmjwhrat-krwma
https://murabaat.com/mjwhrat-al-basha,https://twsia.com/jewelry-al-basha
https://murabaat.com/rwdh-braam-al-aqsa,https://twsia.com/kindergarten -braam-al-aqsa
https://murabaat.com/mshfa-al-zhrawy,https://twsia.com/al-zhrawi-hospital
https://murabaat.com/mjwhrat-al-jblawy,https://twsia.com/jewelry-al-jblawy
https://murabaat.com/mrtbat-abw-hsn,https://twsia.com/mrtbat-abw-hsn
https://murabaat.com/al-byanw-bar,https://twsia.com/al-byanw-bar
https://murabaat.com/mjwhrat-abrahym-bsath-wawladh,https://twsia.com/jewelry-abrahym-bsath-wawladh
https://murabaat.com/mtam-whlwyat-qzyha-bab-twma,https://twsia.com/mtam-whlwyat-qzyha-bab-twma
https://murabaat.com/mshfa-al-razy-al-jrahy-al-hdyth,https://twsia.com/al-razy-modern-surgical-hospital
https://murabaat.com/alramli-gifts-lattakia,https://twsia.com/alramli-gifts-lattakia
https://murabaat.com/mjwhrat-ywsf,https://twsia.com/jewelry-ywsf
https://murabaat.com/al-mshfa-al-mrkzy,https://twsia.com/al-markazi-hospital
https://murabaat.com/mshfa-al-tabyat-al-jrahy,https://twsia.com/al-ttabyatt-surgical-hospital
https://murabaat.com/mshfa-al-twlyd-wal-atfal,https://twsia.com/maternity-children-hospital
https://murabaat.com/al-mstshfa-al-wtny,https://twsia.com/national-hospital
https://murabaat.com/dr-oussama-haroun-hospital-mshfa-al-dktwr-asamh-harwn,https://twsia.com/dr-oussama-haroun-hospital
https://murabaat.com/mshfa-al-bshyr-al-jrahy,https://twsia.com/al-basheer-surgical-hospital
https://murabaat.com/country/jo/city/amman/sub-area/alshamaysani,https://twsia.com/country/jo/city/amman/sub-area/alshamaysani
https://murabaat.com/mswghat-bysan,https://twsia.com/mswghat-bysan
https://murabaat.com/dwhh-qasywn,https://twsia.com/dwhh-qasywn
https://murabaat.com/country/jo/city/amman/sub-area/abdoun,https://twsia.com/country/jo/city/amman/sub-area/abdoun
https://murabaat.com/mshfa-al-mhayny,https://twsia.com/al-mhayni-hospital
https://murabaat.com/country/sy/category/trade-and-retail,https://twsia.com/country/sy/category/trade-and-retail
https://murabaat.com/kafyh-al-hsn,https://twsia.com/kafyh-al-hsn
https://murabaat.com/fndq-brj-al-mstqbl,https://twsia.com/burj-al-mustaqbal-hotel
https://murabaat.com/country/sy/category/software-companies,https://twsia.com/country/sy/category/software-companies
https://murabaat.com/category/energy-companies,https://twsia.com/category/energy-companies
https://murabaat.com/country/jo/category/software-companies,https://twsia.com/country/jo/category/software-companies
https://murabaat.com/category/beauty-centers,https://twsia.com/category/beauty-centers
https://murabaat.com/country/sy/category/financial-institutions,https://twsia.com/country/sy/category/financial-institutions
https://murabaat.com/country/sy/category/commercial-shops,https://twsia.com/country/sy/category/commercial-shops
https://murabaat.com/country/sy/city/damascus/sub-area/شارع-القيمرية/category/restaurants,https://twsia.com/country/sy/city/damascus/sub-area/شارع-القيمرية/category/restaurants
https://murabaat.com/shrkh-qnws,https://twsia.com/company-qnws
https://murabaat.com/mazzika-restaurant-lounge,https://twsia.com/mazzika-restaurant-lounge
https://murabaat.com/country/jo/category/commercial-shops,https://twsia.com/country/jo/category/commercial-shops
https://murabaat.com/mshfa-zahy-azrq-al-askry,https://twsia.com/zahi-azraq-military-hospital
https://murabaat.com/country/jo/city/amman,https://twsia.com/country/jo/city/amman
https://murabaat.com/mjwhrat-wmswghat-al-tamh,https://twsia.com/jewelry-wmswghat-al-tamh
https://murabaat.com/country/jo/category/financial-institutions,https://twsia.com/country/jo/category/financial-institutions
https://murabaat.com/mswghat-frfshh-plus,https://twsia.com/mswghat-frfshh-plus
https://murabaat.com/country/lb/category/educational-centers,https://twsia.com/country/lb/category/educational-centers
https://murabaat.com/mstshfa-al-haj-sal-h,https://twsia.com/hajj-salah-hospital
https://murabaat.com/country/lb/category/technology-companies/artificial-intelligence-companies,https://twsia.com/country/lb/category/technology-companies/artificial-intelligence-companies
https://murabaat.com/tartous,https://twsia.com/tartous
https://murabaat.com/country/sy/category/restaurants?page=2,https://twsia.com/country/sy/category/restaurants?page=2
https://www.murabaat.com/category/educational-centers?page=2,https://www.twsia.com/category/educational-centers?page=2
https://murabaat.com/mswghat-wmjwhrat-mladh,https://twsia.com/mswghat-wmjwhrat-mladh
https://murabaat.com/country/sy/city/damascus/sub-area/alhariqa,https://twsia.com/country/sy/city/damascus/sub-area/alhariqa
https://murabaat.com/country/sy/city/damascus/sub-area/almalki,https://twsia.com/country/sy/city/damascus/sub-area/almalki
https://murabaat.com/country/sy/city/damascus/sub-area/mazzeh,https://twsia.com/country/sy/city/damascus/sub-area/mazzeh
https://murabaat.com/country/sy/city/damascus/sub-area/baramkeh,https://twsia.com/country/sy/city/damascus/sub-area/baramkeh
https://murabaat.com/country/sy/city/damascus/sub-area/salihiyah,https://twsia.com/country/sy/city/damascus/sub-area/salihiyah
https://murabaat.com/country/sy/city/damascus/sub-area/sha'alan,https://twsia.com/country/sy/city/damascus/sub-area/sha'alan
https://murabaat.com/country/sy/city/damascus/sub-area/jadet-alshallah,https://twsia.com/country/sy/city/damascus/sub-area/jadet-alshallah
https://murabaat.com/country/sy/city/damascus/sub-area/alqaymarya,https://twsia.com/country/sy/city/damascus/sub-area/alqaymarya
https://murabaat.com/country/sy/city/damascus/sub-area/jadet-alnahawi,https://twsia.com/country/sy/city/damascus/sub-area/jadet-alnahawi
https://murabaat.com/country/sy/city/damascus/sub-area/almidan,https://twsia.com/country/sy/city/damascus/sub-area/almidan
https://murabaat.com/country/sy/city/damascus/sub-area/almazra'a,https://twsia.com/country/sy/city/damascus/sub-area/almazra'a
https://murabaat.com/country/sy/city/damascus/sub-area/alrawdah,https://twsia.com/country/sy/city/damascus/sub-area/alrawdah
https://murabaat.com/mswghat-wmjwhrat-lylas,https://twsia.com/mswghat-wmjwhrat-lylas
https://murabaat.com/g-m-gold,https://twsia.com/g-m-gold
https://murabaat.com/mdrsh-rwafd,https://twsia.com/rawafed-school
https://murabaat.com/mshfa-al-ashtr,https://twsia.com/al-ashtar-hospital
https://murabaat.com/silver-lazord,https://twsia.com/silver-lazord
https://murabaat.com/hallak-jewelry,https://twsia.com/hallak-jewelry
https://murabaat.com/fndq-al-majd,https://twsia.com/al-majd-hotel
https://murabaat.com/mshfa-al-hkmh,https://twsia.com/al-hikmah-hospital
https://murabaat.com/mjwhrat-bqlh,https://twsia.com/jewelry-bqlh
https://murabaat.com/beit-ramza,https://twsia.com/beit-ramza
https://murabaat.com/mhwhrat-sad,https://twsia.com/mhwhrat-sad
https://murabaat.com/rm,https://twsia.com/rm
https://murabaat.com/mdrsh-dwhh-al-mjd,https://twsia.com/dawhat-al-majd-school
https://murabaat.com/mhl-lamas-llmjwhrat,https://twsia.com/mhl-lamas-llmjwhrat
https://murabaat.com/mswghat-alaa-jbdwn,https://twsia.com/mswghat-alaa-jbdwn
https://murabaat.com/mjwhrat-nmyr-aadl-hydr,https://twsia.com/jewelry-nmyr-aadl-hydr
https://murabaat.com/mshfa-dar-al-shfaa,https://twsia.com/dar-alshifa-hospital
https://murabaat.com/awak-jewelery-mswghat-awk,https://twsia.com/awak-jewelery-mswghat-awk
https://murabaat.com/jwahrjy,https://twsia.com/jwahrjy
https://murabaat.com/mjwhrat-twmajan,https://twsia.com/jewelry-twmajan
https://murabaat.com/fwr-syzwn,https://twsia.com/fwr-syzwn
https://murabaat.com/mjwhrat-al-khyr,https://twsia.com/jewelry-al-khyr
https://murabaat.com/fndq-brj-al-frdws,https://twsia.com/burj-al-firdaws-hotel
https://murabaat.com/fndq-wmntja-lamyra,https://twsia.com/lamira-resort-hotel
https://murabaat.com/sahh-al-syagh,https://twsia.com/sahh-al-syagh
https://murabaat.com/mjwhrat-al-syd,https://twsia.com/jewelry-al-syd
https://murabaat.com/fndq-arman-arman,https://twsia.com/arman-hotel
https://murabaat.com/mjwhrat-al-khyat,https://twsia.com/jewelry-al-khyat
https://murabaat.com/country/jo/category/technology,https://twsia.com/country/jo/category/technology
https://murabaat.com/al-pasha,https://twsia.com/al-pasha
https://murabaat.com/fndq-al-aywan,https://twsia.com/al-aywan-hotel
https://murabaat.com/bassil,https://twsia.com/bassil
https://murabaat.com/fndq-ghzal,https://twsia.com/ghazal-hotel
https://murabaat.com/ibrahem-jewelry,https://twsia.com/ibrahem-jewelry
https://murabaat.com/hgroupco,https://twsia.com/hgroupco
https://murabaat.com/mjwhrat-ahmd-ghndwr,https://twsia.com/jewelry-ahmd-ghndwr
https://murabaat.com/dar-zmrya,https://twsia.com/dar-zmrya
https://murabaat.com/mwzayka,https://twsia.com/mwzayka
https://murabaat.com/fndq-bwabh-al-shrq,https://twsia.com/bawwabet-al-sharq-hotel
https://murabaat.com/beit-wakil,https://twsia.com/beit-wakil
https://murabaat.com/fndq-rygha,https://twsia.com/raygha-hotel
https://murabaat.com/mdrsh-rwdh-al-kwn-al-khash,https://twsia.com/rowdat-al-kawn-private-school
https://murabaat.com/mjwhrat-rnd,https://twsia.com/jewelry-rnd
https://murabaat.com/tlaea-al-nwr-al-khash,https://twsia.com/tlaea-al-nwr-al-khash
https://murabaat.com/krystal-1,https://twsia.com/krystal-1
https://murabaat.com/dar-al-mamlouka,https://twsia.com/dar-al-mamlouka
https://murabaat.com/mjwhrat-th,https://twsia.com/jewelry-th
https://murabaat.com/fndq-al-sfyr,https://twsia.com/al-safir-hotel
https://murabaat.com/mjwhrat-mrhf-bnyan,https://twsia.com/jewelry-mrhf-bnyan
https://murabaat.com/mjwhrat-tybh-fra-2,https://twsia.com/jewelry-tybh-fra-2
https://murabaat.com/dar-al-kanadil-hotel,https://twsia.com/dar-al-kanadil-hotel
https://murabaat.com/touch-store,https://twsia.com/touch-store
https://murabaat.com/thanwyh-al-saadh-al-khash,https://twsia.com/highschool-al-saadh-al-khash
https://murabaat.com/al-fynyq,https://twsia.com/al-fynyq
https://murabaat.com/mdrsh-al-amyrkan,https://twsia.com/american-private-school
https://murabaat.com/louis-inn-hotel-and-restaurant,https://twsia.com/louis-inn-hotel-and-restaurant
https://murabaat.com/fndq-ramyta,https://twsia.com/ramyta-hotel
https://murabaat.com/ghna-mjwhrat-tqlydyh,https://twsia.com/ghna-mjwhrat-tqlydyh
https://murabaat.com/wn-mlywn,https://twsia.com/wn-mlywn
https://murabaat.com/mjwhrat-sabr,https://twsia.com/jewelry-sabr
https://murabaat.com/mswghat-abdllh-jbdwn,https://twsia.com/mswghat-abdllh-jbdwn
https://murabaat.com/fndq-shhbaa-hlb,https://twsia.com/shahbaa-aleppo-hotel
https://murabaat.com/mstshfa-al-razy,https://twsia.com/al-razi-hospital
https://murabaat.com/mjwhrat-lyn-leen-jewelleries,https://twsia.com/jewelry-lyn-leen-jewelleries
https://murabaat.com/fndq-kwyn-sntr,https://twsia.com/queen-center-hotel
https://murabaat.com/mdrsh-mshaal-al-sham-al-khash,https://twsia.com/mshaal-al-sham-private-school
https://murabaat.com/mshfa-al-aryan,https://twsia.com/al-aryan-hospital
https://murabaat.com/beit-akbik,https://twsia.com/beit-akbik
https://murabaat.com/mjwhrat-al-ghdq-alghadaq,https://twsia.com/jewelry-al-ghdq-alghadaq
https://murabaat.com/mjwhrat-yzn-al-tshh,https://twsia.com/jewelry-yzn-al-tshh
https://murabaat.com/mjwhrat-mazn-adymh,https://twsia.com/jewelry-mazn-adymh
https://murabaat.com/mdrsh-al-awael-llbnat-fra-al-akrm,https://twsia.com/al-awail-girls-school-akram
https://murabaat.com/mstshfa-aysa,https://twsia.com/aissa-hospital
https://murabaat.com/mjwhrat-tyfany-tiffany,https://twsia.com/jewelry-tyfany-tiffany
https://murabaat.com/fndq-dama-rwz,https://twsia.com/dama-rose-hotel
https://murabaat.com/taifor-fashion-accessories,https://twsia.com/taifor-fashion-accessories
https://murabaat.com/mstshfa-al-rjaa,https://twsia.com/al-rajaa-hospital
https://murabaat.com/happy-nights-hotel,https://twsia.com/happy-nights-hotel
https://murabaat.com/shama-gaan,https://twsia.com/shama-gaan
https://murabaat.com/mshfa-al-andls,https://twsia.com/al-andalus-hospital
https://murabaat.com/moufak-jewelry,https://twsia.com/moufak-jewelry
https://murabaat.com/mshfa-mzlwmyan,https://twsia.com/mazlomyan-hospital
https://murabaat.com/fndq-al-mdynh,https://twsia.com/al-madina-hotel
https://murabaat.com/mshfa-al-braam,https://twsia.com/al-baram-hospital
https://murabaat.com/mshfa-jrmana-al-jrahy,https://twsia.com/jaramana-surgical-hospital
https://murabaat.com/thanwyh-dmshq-al-arbyh,https://twsia.com/highschool-dmshq-al-arbyh
https://murabaat.com/mjwhrat-mash,https://twsia.com/jewelry-mash
https://murabaat.com/fndq-al-slam,https://twsia.com/al-salam-hotel
https://murabaat.com/mdrsh-al-dar-al-talymyh-al-khash,https://twsia.com/aldar-altaalimia-private-school
https://murabaat.com/mstshfa-al-nwr,https://twsia.com/al-nour-hospital
https://murabaat.com/mossh-alya-al-talymyh-al-khash-alia-school,https://twsia.com/mossh-alya-al-talymyh-al-khash-alia-school
https://murabaat.com/mswghat-mshlh,https://twsia.com/mswghat-mshlh
https://murabaat.com/mjwhrat-adnan,https://twsia.com/jewelry-adnan
https://murabaat.com/mdrsh-al-hkmh,https://twsia.com/al-hikmah-school
https://murabaat.com/mjwhrat-ghadh-gada-jewelry,https://twsia.com/jewelry-ghadh-gada-jewelry
https://murabaat.com/country/jo/category/technology-companies,https://twsia.com/country/jo/category/technology-companies
https://murabaat.com/mjwhrat-abnaa-mamwn-al-rfaay,https://twsia.com/jewelry-abnaa-mamwn-al-rfaay
https://murabaat.com/mjwhrat-qfaf,https://twsia.com/jewelry-qfaf
https://murabaat.com/fndq-al-jlaa,https://twsia.com/al-jalaa-hotel
https://murabaat.com/mshfa-al-tb-al-hdyth,https://twsia.com/modern-medicine-hospital
https://murabaat.com/fndq-harwn,https://twsia.com/haroun-hotel
https://murabaat.com/fndq-al-sham,https://twsia.com/al-sham-hotel
https://murabaat.com/mjwhrat-al-mlkh,https://twsia.com/jewelry-al-mlkh
https://murabaat.com/fndq-dmshq-al-dwly,https://twsia.com/damascus-international-hotel
https://murabaat.com/fndq-shyratwn-hlb,https://twsia.com/sheraton-aleppo-hotel
https://murabaat.com/fndq-afamya,https://twsia.com/afamia-hotel
https://murabaat.com/fndq-blw-tawr,https://twsia.com/blue-tower-hotel
https://murabaat.com/mjwhrat-sarh-sara-jewelery,https://twsia.com/jewelry-sarh-sara-jewelery
https://murabaat.com/ramsis,https://twsia.com/ramsis
https://murabaat.com/rwdh-al-tfwq-al-nmwdhjyh,https://twsia.com/kindergarten -al-tfwq-al-nmwdhjyh
https://murabaat.com/mstshfa-al-slam,https://twsia.com/al-salam-hospital
https://murabaat.com/mer-kuyumculuk,https://twsia.com/mer-kuyumculuk
https://murabaat.com/fndq-rwyal-smyramys,https://twsia.com/royal-semiramis-hotel
https://murabaat.com/fndq-al-rbya,https://twsia.com/al-rabea-hotel
https://murabaat.com/fndq-qsr-hlb,https://twsia.com/qasr-aleppo-hotel
https://murabaat.com/country/eg/category/financial-institutions,https://twsia.com/country/eg/category/financial-institutions
https://murabaat.com/mstshfa-frkwh,https://twsia.com/farkuh-hospital
https://murabaat.com/mjwhrat-al-ghmyan,https://twsia.com/jewelry-al-ghmyan
https://murabaat.com/mjwhrat-al-brhm,https://twsia.com/jewelry-al-brhm
https://murabaat.com/fndq-mdynh-al-yasmyn,https://twsia.com/yasmin-city-hotel
https://murabaat.com/fndq-al-zytwnh,https://twsia.com/al-zaytouna-hotel
https://murabaat.com/rwdh-amyh-al-khash,https://twsia.com/kindergarten -amyh-al-khash
https://murabaat.com/mjwhrat-kmwz-amany,https://twsia.com/jewelry-kmwz-amany
https://murabaat.com/fndq-fynysya,https://twsia.com/vinisia-hotel
https://murabaat.com/fndq-znwbya,https://twsia.com/zenobia-hotel
https://murabaat.com/mjwahrt-hnyfh-adwnys,https://twsia.com/mjwahrt-hnyfh-adwnys
https://murabaat.com/fndq-karltwn,https://twsia.com/carlton-hotel
https://murabaat.com/krystal-bal-as,https://twsia.com/krystal-bal-as
https://murabaat.com/mjwhrat-slyman-slamh,https://twsia.com/jewelry-slyman-slamh
https://murabaat.com/fndq-shhryar,https://twsia.com/shahriar-hotel
https://murabaat.com/saladin-hotelhostel,https://twsia.com/saladin-hotelhostel
https://murabaat.com/jewelryhanifa-mjwhrat-hyfh,https://twsia.com/jewelryhanifa-mjwhrat-hyfh
https://murabaat.com/country/eg/category/educational-centers,https://twsia.com/country/eg/category/educational-centers
https://murabaat.com/mqha-aal-bal,https://twsia.com/mqha-aal-bal
https://murabaat.com/country/lb/category/beauty-centers,https://twsia.com/country/lb/category/beauty-centers
https://murabaat.com/country/sy/category/technology-companies,https://twsia.com/country/sy/category/technology-companies
https://murabaat.com/country/eg/category/beauty-centers,https://twsia.com/country/eg/category/beauty-centers
https://murabaat.com/country/sy/category/technology,https://twsia.com/country/sy/category/technology
https://murabaat.com/dfh-w-lfh,https://twsia.com/dfh-w-lfh
https://murabaat.com/shawrma-al-shryf,https://twsia.com/shawrma-al-shryf
https://murabaat.com/hartna,https://twsia.com/hartna
https://murabaat.com/damaska-snaack,https://twsia.com/damaska-snaack
https://murabaat.com/mshfa-al-swfy,https://twsia.com/al-soufi-hospital
https://murabaat.com/mshfa-nwr-al-aabdyn,https://twsia.com/noor-al-abedin-hospital
https://murabaat.com/mshfa-alaj-al-srtan,https://twsia.com/cancer-treatment-hospital
https://murabaat.com/zryab-kafyh,https://twsia.com/zryab-kafyh
https://murabaat.com/mstshfa-draj,https://twsia.com/daraj-hospital
https://murabaat.com/mshfa-bhrw-al-nsaey,https://twsia.com/bahro-gynecology-hospital
https://murabaat.com/bytza-al-qymryh,https://twsia.com/bytza-al-qymryh
https://murabaat.com/mshfa-al-nda,https://twsia.com/al-nada-hospital
https://murabaat.com/country/lb/city/jaballubnan,https://twsia.com/country/lb/city/jaballubnan
https://murabaat.com/country/sy/category/commercial-shops/supermarket,https://twsia.com/country/sy/category/commercial-shops/supermarket
https://murabaat.com/country/sy/city/latakia/sub-area/almashrue-althaani,https://twsia.com/country/sy/city/latakia/sub-area/almashrue-althaani
https://murabaat.com/country/lb/city/beirut/sub-area/alhamra,https://twsia.com/country/lb/city/beirut/sub-area/alhamra
https://murabaat.com/search?q=%7Bsearch_term_string%7D,https://twsia.com/search?q=%7Bsearch_term_string%7D
https://murabaat.com/reviews,https://twsia.com/reviews
https://murabaat.com/country/sy/city/damascus/sub-area/souq-al-hamdeah,https://twsia.com/country/sy/city/damascus/sub-area/souq-al-hamdeah
https://murabaat.com/country/lb/city/beirut/sub-area/al'ashrafia,https://twsia.com/country/lb/city/beirut/sub-area/al'ashrafia
https://murabaat.com/country/lb/city/jaballubnan/sub-area/jwnia,https://twsia.com/country/lb/city/jaballubnan/sub-area/jwnia
https://murabaat.com/country/sy/city/damascus/sub-area/abo-rmana,https://twsia.com/country/sy/city/damascus/sub-area/abo-rmana
https://murabaat.com/country/sy/city/aleppo/sub-area/alshahba,https://twsia.com/country/sy/city/aleppo/sub-area/alshahba
https://murabaat.com/country/sy/city/damascus/sub-area/bab-sharqe,https://twsia.com/country/sy/city/damascus/sub-area/bab-sharqe
https://murabaat.com/country/sy/city/damascus/sub-area/qaseon,https://twsia.com/country/sy/city/damascus/sub-area/qaseon
https://murabaat.com/country/lb/category/financial-institutions,https://twsia.com/country/lb/category/financial-institutions
https://murabaat.com/country/eg/category/software-companies,https://twsia.com/country/eg/category/software-companies
https://murabaat.com/country/sy/city/latakia,https://twsia.com/country/sy/city/latakia
https://murabaat.com/country/eg/category/commercial-shops,https://twsia.com/country/eg/category/commercial-shops
https://murabaat.com/country/lb/category/software-companies,https://twsia.com/country/lb/category/software-companies
https://murabaat.com/country/lb/category/technology-companies,https://twsia.com/country/lb/category/technology-companies
https://murabaat.com/auth/forgot-password,https://twsia.com/auth/forgot-password
,
,
,
,
,
,
,
,
,
,
,
,
,
,
,
,
,
,
,
,
,
,
,
,
,
,
,
,
,
,
,
,
,
,
,
,
,
,
,
,
,
,
,
,
,
,
,
,
,
,
,
,
,
,
,
,
,
,
,
,
,
,
,
,
,
,
,
,
,
,
,
,
,
,
,
,
,
,
,
,
,
,
,
,
,
,
,
,
,
,
,
,
,
,
,
,
,
,
,
,
,
,
,
,
,
,
,
,
,
,
,
,
,
,
,
,
,
,
,
,
,
,
,
,
,
,
,
,
,
,
,
,
,
,
,
,
,
,
,
,
,
,
,
,
,
,
,
,
,
,
,
,
,
,
,
,
